1,-223934236.72209835
2,-170807092.37661883
3,-188709298.4591873
4,-215936108.86088586
5,-151539572.40726408
6,-171401382.72130868
7,-79477161.31323333
8,-92636819.24424525
9,-183323032.3700016
10,-193167008.65934226
11,-198697784.07185903
12,-188589397.76843196
13,-116024797.41387048
14,-110427001.88729596
15,-37510338.277594574
16,-59417043.57669487
17,-70310209.24587601
18,-56440713.31364177
19,-121503672.7147325
20,-11639941.221106503
21,-13098335.953810377
22,-8339209.422011613
23,-15301515.849939993
24,-13656458.95297817
25,-9311787.108945616
26,-4990457.487069344
27,-6909183.232476702
28,-5276188.749713307
29,-5368130.794998955
30,-4220660.7586404355
31,-8199587.658140678
32,-3771275.05294067
33,-4533297.583850926
34,-5534330.380564797
35,-7189240.849140879
36,-4901017.964404828
37,-3431758.5281740976
38,-4960311.254890978
39,-5438762.220222493
40,-3630719.1323290262
41,-3212773.3349712305
42,-5835745.864129743
43,-3220453.5000628284
44,-4389002.019572356
45,-3411860.2571107135
46,-5259549.354809311
47,-1998591.0536769445
48,-5675613.413113925
49,-1392789.4146655821
50,-8065034.595971026
51,-3026362.6576937567
52,-3529891.309212012
53,-3883753.057287206
54,-4373694.897664642
55,-2186289.4944873136
56,-2314576.832771858
57,-2928256.0947958413
58,-2103092.301649991
59,-2443453.010410726
60,-1991827.220948366
61,-2163355.49685575
62,-4411696.230148499
63,-1530846.9488388493
64,-732693.0701328448
65,-679516.781727683
66,-1365810.0507898603
67,-879396.965434429
68,-1401307.9777102484
69,-1220496.3398320405
70,-1183614.3581294618
71,-969875.8339037141
72,-1116993.4604002126
73,-3206567.9905909155
74,-1075328.59262471
75,-1335923.525169767
76,-1199225.7103904076
77,-3184328.132088457
78,-1166608.325407688
79,-1969934.7335748074
80,-1480819.3020602693
81,-2154651.782422515
82,-1721086.2655754802
83,-1148820.6473826813
84,-1553832.087924501
85,-1568865.1908267504
86,-929998.0216040385
87,-4066386.6293427437
88,-934795.613089558
89,-2246650.295294446
90,-925859.7629211551
91,-1540577.0510950023
92,-2370723.028891091
93,-986412.9400956768
94,-3339838.954768778
95,-1436068.276988116
96,-1293312.622909418
97,-2461536.696447337
98,-1889021.5045562794
99,-1294465.9990580026
100,-1474389.075615251
101,-1087788.4324621598
102,-1013119.4454607454
103,-1571295.7966142215
104,-1539181.53352858
105,-1334129.7043331335
106,-1191470.2349990616
107,-1798320.0400236053
108,-1522776.7258781034
109,-1378295.9041830585
110,-1163843.549313079
111,-1775975.7671716951
112,-977668.9583219242
113,-1308544.9500725402
114,-988323.1755700242
115,-1606212.766976017
116,-1303572.4767188155
117,-1184540.6029439264
118,-1122263.667785286
119,-1360972.2758061523
120,-1570203.6870518965
121,-1240694.0285979114
122,-1196434.5305401953
123,-1603583.828564332
124,-1275386.9058931735
125,-1061511.2991462648
126,-1093930.401584235
127,-1585842.8461713186
128,-1100140.1063149853
129,-1341316.6064306255
130,-1414563.5557531118
131,-1704402.0338424277
132,-1097968.7481663418
133,-1792355.2029929252
134,-907338.1271908793
135,-1564344.6723343818
136,-1780561.7415739712
137,-1734199.4811564246
138,-1845020.3317459733
139,-1636232.0115585232
140,-1035892.5631403702
141,-1298434.2365991753
142,-1460302.1880520938
143,-1351873.4548452822
144,-1665738.7510325036
145,-1490225.5281421486
146,-1274390.0175469622
147,-1463002.6929498166
148,-1435594.88120618
149,-1630983.0094482135
150,-1643766.0108384197
151,-1467655.6718152603
152,-1298964.252767494
153,-1193258.2956344197
154,-947774.6601986162
155,-1223316.5751314098
156,-1530673.7198207467
157,-1532142.2965965634
158,-1865213.9020940042
159,-1559045.2132891042
160,-1369365.1792170084
161,-1672438.8901628186
162,-1153749.641150962
163,-1492660.632084787
164,-1430202.986849386
165,-1462957.192352584
166,-1248803.1344522918
167,-1543031.3968657213
168,-1532768.3224889743
169,-1014891.6544200516
170,-1213021.0979773242
171,-1043724.6214702504
172,-1257460.9528453848
173,-1320907.3744255935
174,-1070559.2522824549
175,-1374306.1186097027
176,-2070070.6426323415
177,-1073802.4225684495
178,-1733037.1843639498
179,-1077122.0936440183
180,-1758754.4470312842
181,-1084272.1001600786
182,-1664743.613218001
183,-1501313.76879637
184,-814476.079511427
185,-826860.8430514346
186,-1116367.1772796127
187,-1245252.0181857268
188,-961881.4314735837
189,-996477.2530851054
190,-1792125.0818621414
191,-1024184.6605387661
192,-1057700.6272381027
193,-847440.623518829
194,-1035541.8982824094
195,-1230014.9126435309
196,-1094068.0378597358
197,-1281568.6636166736
198,-1073998.202458739
199,-1039553.0475811908
200,-987809.0784674634
201,-1004416.9835608316
202,-1040974.0319943158
203,-1211217.6173596368
204,-1536646.8400644588
205,-1043603.4340384593
206,-1187216.4001949027
207,-828781.0644938988
208,-1975127.6853084385
209,-965560.7788831278
210,-1040778.5016633014
211,-1098594.2752613302
212,-1039779.2741769253
213,-802295.9885189758
214,-933508.133339785
215,-906410.0632722471
216,-1177744.679872017
217,-1492163.002366322
218,-921634.6246601755
219,-898478.0599456988
220,-1029399.9122954495
221,-1165183.6161930999
222,-1288757.645057388
223,-1178849.3956491617
224,-865328.7862564002
225,-1063801.0137433459
226,-996092.5896844752
227,-962360.5934938383
228,-887105.3039222243
229,-915149.2557988784
230,-911461.1618453164
231,-898154.8584591148
232,-1444084.3253808115
233,-929156.2001774906
234,-913997.8116321863
235,-835316.3070134891
236,-983500.3943878481
237,-815889.3357102908
238,-844358.9454572819
239,-843339.3608357888
240,-757105.5668629969
241,-858964.6456584763
242,-1261621.2460748097
243,-1225209.0068900604
244,-1012589.2199145663
245,-1007519.758378306
246,-966719.6455225651
247,-1014436.2913665884
248,-973454.0987482613
249,-797196.0326302762
250,-1118453.3009772566
251,-1067530.6597426413
252,-1053201.002067647
253,-989757.8658402901
254,-1086067.4530187568
255,-863465.6695290522
256,-1018437.7436097623
257,-1102688.274055314
258,-1138760.4437689162
259,-967771.2894867403
260,-1016844.6144556293
261,-1102684.751265504
262,-924736.2645908756
263,-822702.9507820045
264,-1037304.8442979234
265,-941470.2926825434
266,-980842.3931944553
267,-1006091.9041902942
268,-947978.4106221801
269,-909060.9519989599
270,-928853.8082814747
271,-931674.0900921086
272,-1042234.9786660923
273,-1211678.786724795
274,-1055836.028078203
275,-1031328.7099003529
276,-1007854.7353121454
277,-1101209.9987602665
278,-1133611.8573531713
279,-1045630.5148614615
280,-963758.4101091919
281,-864991.9389478812
282,-960484.4969186652
283,-940446.3373921489
284,-979209.592397256
285,-706149.969963693
286,-734922.3151569088
287,-745215.6802001299
288,-761453.0509350243
289,-906174.3019433443
290,-1104001.3110788139
291,-901120.9306375502
292,-953440.0276595566
293,-879203.6536721631
294,-766735.4344783693
295,-2107904.7107484275
296,-856690.0642188934
297,-709237.0608094452
298,-796569.24172149
299,-867518.8195072392
300,-717780.9040773831
301,-754916.068233226
302,-813983.9845914404
303,-693731.8691682868
304,-955516.1252685745
305,-745877.4808010194
306,-730441.5066724804
307,-753429.8544047336
308,-784281.5420583586
309,-805106.2232421823
310,-805288.760625723
311,-882622.2309771806
312,-739489.248782085
313,-829055.7646730104
314,-695384.1572698731
315,-687184.5031731192
316,-614190.3808844318
317,-714248.2191840643
318,-717681.1877293419
319,-900390.8385001062
320,-727251.8222673528
321,-813376.5214722321
322,-759907.1735491017
323,-632187.8236767855
324,-843444.4986320611
325,-856201.3535369455
326,-864445.8123604
327,-772560.1786974855
328,-714481.5296740797
329,-741204.9630062049
330,-794853.7476726396
331,-631591.186950014
332,-841795.056701764
333,-807118.1560526913
334,-680672.3521271733
335,-723980.9265457585
336,-696542.8100414735
337,-866659.520037661
338,-697886.9187182138
339,-711591.1079872699
340,-705891.7382787934
341,-794059.6756483811
342,-763311.4105055353
343,-820985.1024000281
344,-894576.0209303512
345,-930162.3440085524
346,-804988.00094398
347,-782229.8101964546
348,-748303.4856525828
349,-671053.6681631422
350,-536979.9465897479
351,-613958.3380110309
352,-672847.3656223126
353,-671814.0626789366
354,-674004.5143152166
355,-679297.4361445602
356,-883974.2892922312
357,-769712.1014446248
358,-859400.482554578
359,-797257.3954340478
360,-888763.1439565601
361,-867199.9420642373
362,-746086.6822962872
363,-829660.2727659952
364,-740041.2172427523
365,-750204.9839806658
366,-742784.7753760645
367,-751173.6213488467
368,-751198.5749416982
369,-648685.5449260902
370,-725617.2413391194
371,-725306.7467480837
372,-619838.7438772265
373,-704614.2271471729
374,-757122.5049839811
375,-678306.2899374533
376,-661969.1956817938
377,-723991.4355993884
378,-605331.1774646512
379,-710840.2163517992
380,-793819.8837216905
381,-683075.3246227045
382,-868263.2366529622
383,-670721.1843131403
384,-755099.9285622102
385,-838093.101223164
386,-659104.8016918646
387,-788292.8861183671
388,-931264.1510745756
389,-926876.3172740018
390,-840321.9756528406
391,-927023.866268848
392,-964294.5696204863
393,-879626.0173613403
394,-901438.2134207278
395,-867402.5148905641
396,-811007.9857384785
397,-761012.0410305199
398,-840081.6652361315
399,-710267.4443683913
400,-798923.2685149726
401,-813621.5888639679
402,-844093.8087100197
403,-760827.9058542073
404,-755510.0294525392
405,-893135.5381969999
406,-810629.9221338887
407,-965961.5124273852
408,-890146.3501850809
409,-888427.1905941953
410,-877302.0702594034
411,-876341.2859431902
412,-835840.164680595
413,-884223.7159607392
414,-806322.8236046082
415,-788901.6193884683
416,-777285.9532895037
417,-757698.6243287906
418,-763264.5289139857
419,-871672.235875375
420,-802141.9315802552
421,-779463.2954043421
422,-817381.1526758769
423,-798154.5943588184
424,-842810.4224621711
425,-780069.358979308
426,-799383.4856088524
427,-693408.6865762982
428,-771154.6552605073
429,-864401.3736533528
430,-860578.5262967765
431,-854033.7602923171
432,-794617.3001167715
433,-852866.672826247
434,-692472.5173322683
435,-691874.5911351505
436,-708586.1698033939
437,-731019.1823255084
438,-662900.398988689
439,-629691.0845897762
440,-738360.1154077064
441,-613715.6874727666
442,-682139.5114140807
443,-717941.0282933977
444,-754681.0265081676
445,-688717.420016018
446,-654488.3889661471
447,-785591.0809810006
448,-848621.1574053348
449,-859610.824059486
450,-756895.1836163804
451,-785012.32483588
452,-822769.537209227
453,-828335.1026103982
454,-912170.4565942963
455,-801173.4330315667
456,-967709.1247523818
457,-891272.9741105963
458,-804583.2124846285
459,-834822.9646603155
460,-764458.42519097
461,-820521.6769539452
462,-873992.2134379034
463,-754905.29432906
464,-754055.8125071637
465,-799462.6433983388
466,-683436.2933714006
467,-635635.0043036357
468,-664358.1568281911
469,-735669.5261173899
470,-705020.7968261112
471,-680410.6731280442
472,-673670.9965624195
473,-677161.1251490986
474,-697869.2747288983
475,-719778.9786112576
476,-665790.7276865978
477,-637475.7665680976
478,-528357.513056884
479,-556495.8217323635
480,-640904.3306583096
481,-595638.873661068
482,-719278.05745582
483,-681946.8730046418
484,-565855.0660244076
485,-609529.3207223287
486,-628430.7555416608
487,-637770.5139236077
488,-558198.6319755109
489,-640411.6190040132
490,-595891.8542145187
491,-627399.5464161324
492,-626448.9113376013
493,-632537.2158286147
494,-661603.8152820776
495,-608526.6253873707
496,-681844.5072821104
497,-636183.4872460217
498,-651855.554482021
499,-624482.1089180731
500,-733422.9260653896
501,-593700.3853460122
502,-656295.9951532958
503,-557050.9146726937
504,-603122.5287962557
505,-479890.19710082957
506,-567331.5124597386
507,-621594.6220313712
508,-569554.5697070021
509,-579376.3751082951
510,-592787.6046962871
511,-603941.2663843395
512,-530121.2296604456
513,-604466.6292282233
514,-566455.1970810702
515,-582766.0873034697
516,-504724.09545450227
517,-436823.7207515157
518,-477043.4168611893
519,-476563.34504575294
520,-518296.9448873101
521,-463471.48036850215
522,-579576.020733431
523,-533141.992194155
524,-451340.9196300061
525,-626414.6430586367
526,-522824.3223484466
527,-570477.6660352043
528,-570353.5689417406
529,-571327.7246982467
530,-569947.3686302255
531,-555056.635248109
532,-419869.3043130811
533,-467373.282236921
534,-435270.41521963076
535,-451918.70129648014
536,-552952.568616547
537,-467859.22896424483
538,-502216.5457836228
539,-496722.80196128075
540,-449682.83873444516
541,-495220.1327835215
542,-475456.69095764414
543,-580339.2953596396
544,-557502.5626389062
545,-521099.1329410548
546,-502653.3812372998
547,-491187.42201448476
548,-543229.9864805691
549,-585366.834737778
550,-541039.4787153333
551,-648620.5156666703
552,-557921.3788105923
553,-458715.5547663822
554,-523338.9939137268
555,-513379.1864548142
556,-596816.0477719577
557,-629647.8904738643
558,-498245.1187781277
559,-680227.689846786
560,-650289.4817367725
561,-553146.3019854549
562,-576356.5788624152
563,-496301.12238454085
564,-574549.8354130469
565,-582923.1405285973
566,-635258.1232772109
567,-643664.874923099
568,-692450.6262982867
569,-689252.8289471868
570,-765636.5010124531
571,-874934.5169053895
572,-660507.1579287645
573,-637217.2897038527
574,-683117.1358237785
575,-715178.7729508294
576,-672221.4241720727
577,-658819.5086933874
578,-751416.9877874854
579,-665427.2622917761
580,-473875.93265099596
581,-607763.2796793599
582,-549933.4924993408
583,-659411.9148922912
584,-564128.7143313141
585,-622222.4297592468
586,-477180.17437397013
587,-547903.3979050538
588,-573289.6137977481
589,-613606.3894918377
590,-590042.5537674535
591,-487009.2133482361
592,-541482.3685900779
593,-560991.0510242499
594,-465192.13367795595
595,-434935.7203159456
596,-423440.894217601
597,-490116.68472717353
598,-504313.04632185795
599,-470967.8484753057
600,-708097.9190534907
601,-534548.9113406787
602,-586502.8274792385
603,-542066.5247493964
604,-563654.8240451772
605,-545646.5908484764
606,-550485.872905541
607,-589648.43859262
608,-616760.4208679957
609,-553198.3242094417
610,-692578.1800479649
611,-723449.4625747431
612,-655724.0485311791
613,-662146.4745557749
614,-744295.5080553585
615,-737690.9462748624
616,-856347.5442276824
617,-760434.1745507367
618,-834117.8147621659
619,-678016.2063539141
620,-667356.1590145149
621,-664383.7643575335
622,-728233.3386023375
623,-739402.2861476578
624,-779233.8150462445
625,-627668.9978862705
626,-683001.3409455224
627,-613317.4098995028
628,-710365.2966604271
629,-723876.002341318
630,-717105.1534147728
631,-605973.2811222543
632,-598513.4499443681
633,-530345.2381797152
634,-536570.1411377053
635,-546914.1263038855
636,-542371.6969880519
637,-660469.376099563
638,-442318.288750504
639,-525632.6600683487
640,-592138.9288984629
641,-512355.51781504834
642,-499826.71175266
643,-585649.4489552954
644,-568450.4322536774
645,-491161.55293480534
646,-359133.0151753925
647,-395084.4515849113
648,-514332.3812212286
649,-348788.67984383233
650,-431520.13701537927
651,-566596.4428874197
652,-567474.4497103589
653,-522608.4568548867
654,-476821.93888072955
655,-461749.4785541278
656,-392515.94783838943
657,-444772.6734040601
658,-387653.55513321166
659,-283608.441465845
660,-334617.2655921641
661,-294238.8371553313
662,-290523.94301499793
663,-216777.92817500117
664,-253339.4124284768
665,-248446.88525769778
666,-213872.78299881137
667,-231689.75500921666
668,-222196.998961884
669,-319925.9159317399
670,-382974.61317812564
671,-281711.74967967905
672,-270703.36388394836
673,-267479.8600742944
674,-228385.77469829493
675,-270943.74765957706
676,-233191.88898395578
677,-287261.1200767667
678,-282767.80851250375
679,-311018.6493964505
680,-407670.7496070677
681,-403597.52883064817
682,-394188.17509032245
683,-346420.07126775326
684,-336683.6636908408
685,-474465.1842889034
686,-404193.8241180671
687,-302102.97465232236
688,-330155.10641466186
689,-321172.79204184015
690,-344504.50713349343
691,-423935.14187734923
692,-359560.3570563082
693,-306766.17435194325
694,-258829.89607403748
695,-245291.2022240205
696,-227545.69003788222
697,-342858.74749971944
698,-280378.4003263654
699,-335099.5326795631
700,-286530.0051468641
701,-330063.6089803141
702,-421599.74429998535
703,-333564.9556347891
704,-346077.7618403613
705,-271395.4473266038
706,-305699.39903952216
707,-413271.46404694166
708,-369218.7834275802
709,-284853.1329369288
710,-208847.90063257306
711,-312838.5972215693
712,-369113.30979608995
713,-421065.24719802244
714,-346221.6656540709
715,-416472.7499168009
716,-488773.04394412524
717,-461273.67426722584
718,-419741.31573704816
719,-380695.78288831504
720,-465933.8247104392
721,-439050.31162983965
722,-375547.6831257916
723,-304933.5195943491
724,-371199.10553078854
725,-381058.99907987623
726,-334381.1293388015
727,-389218.5334709438
728,-346942.0623690557
729,-298484.6693913782
730,-405569.042854065
731,-348093.4487215197
732,-370942.527113282
733,-350750.60429711884
734,-430119.16757354804
735,-433909.3934946116
736,-426896.4231722186
737,-412907.7500598893
738,-390050.942544398
739,-371966.89299242466
740,-466474.78184032225
741,-447385.4606449184
742,-497672.7649849397
743,-389830.51739619166
744,-366589.9043042952
745,-424127.66150143265
746,-436640.3277354677
747,-416381.53850324545
748,-480313.5304549084
749,-430201.6832838347
750,-349489.004449773
751,-381023.1005964862
752,-318707.9118951108
753,-374696.1718439158
754,-321544.8154797417
755,-340888.9664646657
756,-363425.9601529208
757,-431981.51851353626
758,-457725.04643338826
759,-467670.6903052358
760,-432492.2480492536
761,-472172.7461171297
762,-410827.20642978593
763,-435087.7472017647
764,-409438.75803880545
765,-483422.9213732509
766,-432121.66845424
767,-417104.7348122912
768,-503516.6491311117
769,-399933.6508189188
770,-455686.33245529
771,-509925.05582055205
772,-373564.39749526937
773,-527337.3151243147
774,-436791.5764395551
775,-469843.7141824713
776,-484573.57182553725
777,-412276.9817194441
778,-425046.22540523286
779,-391170.72715980175
780,-445524.81868230016
781,-485437.96177251573
782,-471693.7945166379
783,-480426.9187249495
784,-478073.3825948714
785,-422100.1168970844
786,-442213.29719665466
787,-482941.22854263114
788,-563978.658426502
789,-582744.8692227495
790,-532527.5958898363
791,-491336.3180774329
792,-430622.8273375942
793,-585544.3625892838
794,-532352.0635049652
795,-546308.6857211551
796,-606521.0148463456
797,-724890.8911330346
798,-518835.2367685024
799,-557821.5469431963
800,-614208.9780428612
801,-656146.1641002151
802,-546461.0180407595
803,-592357.8825111475
804,-492734.2406474392
805,-514873.5237657208
806,-568241.3268817546
807,-546517.0863189845
808,-617586.0577463337
809,-610178.9690221939
810,-499399.42504419736
811,-462505.18731152895
812,-587463.106336288
813,-563519.6468691633
814,-556090.7372381109
815,-585661.1295036552
816,-720187.378649692
817,-750636.5534151512
818,-744867.6288902767
819,-722997.2872677959
820,-676032.8299682871
821,-648487.3122643973
822,-721938.5999816791
823,-817235.7242445706
824,-670446.7818928335
825,-648136.6727063088
826,-630007.7754674512
827,-650910.4185752609
828,-672920.3730044479
829,-650856.0578872019
830,-696343.0608221735
831,-644400.8868379763
832,-600612.8799978509
833,-632229.2521777665
834,-594245.8896972591
835,-566557.5031600286
836,-685603.5650804691
837,-592008.9516470437
838,-572901.1143969505
839,-582093.2364827842
840,-552709.741470677
841,-576128.7115213871
842,-484389.5434626414
843,-544206.9131306261
844,-497771.79193208856
845,-571609.4523479469
846,-608908.2809858464
847,-610656.800855824
848,-516191.81389813847
849,-528922.9721662209
850,-572830.411237652
851,-578791.9891039808
852,-491511.25019505265
853,-534497.3505935014
854,-573888.660583354
855,-567371.7455350353
856,-577864.0099197822
857,-540811.1418945012
858,-482365.13172318606
859,-568541.3054030719
860,-503083.0038181353
861,-495163.8128568779
862,-499975.84764745744
863,-546255.6597844819
864,-481935.2366645485
865,-482129.4460413309
866,-566458.051526939
867,-606145.6012249973
868,-640988.9421842307
869,-639418.2323829115
870,-557169.9790271211
871,-548250.1325078091
872,-531855.233894065
873,-604300.3718210103
874,-640215.8906207774
875,-554691.4635997398
876,-628530.333442444
877,-664402.0967354872
878,-616991.8524735636
879,-560878.9480227893
880,-620679.7885383731
881,-526986.9239640145
882,-638548.3063928934
883,-622528.8323347305
884,-434617.0441971682
885,-429712.30021529156
886,-471736.3224039044
887,-581164.5929198689
888,-558154.9954945149
889,-545665.9374186343
890,-522930.5200443149
891,-413953.9150867688
892,-451988.87072312715
893,-318270.1160989378
894,-367203.5962178351
895,-412578.00366392406
896,-484278.51821099303
897,-540824.3488501657
898,-533720.9358535821
899,-584679.9491267919
900,-535138.492829296
901,-502894.01342503866
902,-545855.3362556496
903,-585244.3034632092
904,-697260.8344120011
905,-650463.403222124
906,-724246.5212304636
907,-594755.5246760964
908,-597766.0180635856
909,-700896.2109004247
910,-648376.166233062
911,-651490.5729516845
912,-728472.7643635472
913,-654595.8283262535
914,-735577.9200812695
915,-632800.5015442955
916,-758302.097858242
917,-626927.1140178606
918,-727531.6188244156
919,-698230.6042613236
920,-696847.6216136421
921,-724072.4039316776
922,-806905.5246190717
923,-735249.4769427562
924,-729482.9234422455
925,-727287.7580141256
926,-780174.6894616133
927,-772995.0757807265
928,-719388.0048230425
929,-782752.3581318944
930,-677382.8688375021
931,-689214.5748766783
932,-623856.2680658407
933,-696745.6884515083
934,-557865.6992959204
935,-540939.8214508516
936,-559941.7865611569
937,-649772.9458342459
938,-529291.8972878414
939,-449439.77505936706
940,-428801.86490919
941,-423418.76537239586
942,-477461.92162341636
943,-459639.0862309858
944,-493834.5045223407
945,-537545.4176223333
946,-641843.40328617
947,-477298.08789433585
948,-480432.008491922
949,-513643.23986912076
950,-439476.5444679861
951,-539705.3088062296
952,-571991.6639081173
953,-492648.923990706
954,-541196.9258383509
955,-616846.0591997912
956,-460439.2127530057
957,-490186.32769827516
958,-593929.8558931077
959,-518199.6136291066
960,-579692.009661225
961,-599103.8847033224
962,-656084.882771727
963,-725139.926458534
964,-557288.2573397193
965,-550018.8100406348
966,-548253.2589482588
967,-529820.5440878945
968,-549833.080410545
969,-523610.8987788471
970,-525472.1318618038
971,-509122.37305090774
972,-516312.5817031788
973,-516068.5660072415
974,-526480.2235567111
975,-564125.0145309166
976,-571859.9760485641
977,-646881.3296785571
978,-671238.8240926766
979,-734075.2904460959
980,-772284.4650763264
981,-754054.8507536403
982,-880711.2262055222
983,-674103.3198823336
984,-681118.3869663132
985,-762156.8964945116
986,-782453.6938004622
987,-767221.3014522651
988,-668529.9243761024
989,-698485.7324823489
990,-736027.7084421283
991,-756530.5677435589
992,-690496.1563700862
993,-715335.1955679649
994,-677613.8468924934
995,-714781.4047710481
996,-681628.9965994218
997,-665553.7126155202
998,-781014.4843382775
999,-700249.1576264455
1000,-784850.9667217404
1001,-746568.6308260169
1002,-779307.7673183606
1003,-796352.6677019955
1004,-723731.8476228805
1005,-712796.8156771945
1006,-670591.1395960753
1007,-620823.9812928789
1008,-672996.7610552602
1009,-600337.5396242905
1010,-676412.4523498605
1011,-727345.4440988177
1012,-754394.6248244892
1013,-659733.9121819256
1014,-662629.9291252154
1015,-724140.1352576913
1016,-699594.6553212231
1017,-671938.6590212483
1018,-722812.2468377063
1019,-806925.8402089805
1020,-729602.8868352748
1021,-723252.5327552782
1022,-764043.5095282039
1023,-784142.0464676179
1024,-743471.4921658656
1025,-749196.5414575811
1026,-663135.273425496
1027,-796140.2865547888
1028,-678722.0445025002
1029,-738497.6893839922
1030,-734824.4698444101
1031,-827543.3309907422
1032,-779753.3413731362
1033,-735168.1967174504
1034,-735533.6436061249
1035,-699455.5753976861
1036,-769272.6945354678
1037,-797696.7626159008
1038,-753119.5476541421
1039,-754366.8648684374
1040,-769980.2098692115
1041,-713608.6092907283
1042,-770521.6216201927
1043,-787504.3861522183
1044,-752852.7337224329
1045,-757718.2639965813
1046,-794991.5805737698
1047,-724575.83330279
1048,-716256.4400240753
1049,-767245.9603592192
1050,-751169.6699482102
1051,-828515.0598819009
1052,-869759.5526045205
1053,-796593.4981127647
1054,-720625.4370729671
1055,-726586.4534862853
1056,-817799.1661994926
1057,-708573.7409328124
1058,-765890.319740234
1059,-715816.422794293
1060,-811036.7142056648
1061,-726708.283331474
1062,-720668.1843375964
1063,-773275.5845125518
1064,-738097.9396585847
1065,-806941.6342746841
1066,-759273.278477513
1067,-725437.3507712784
1068,-750649.720217605
1069,-670261.2914558037
1070,-701659.3484261752
1071,-785356.8441460863
1072,-761057.4283819142
1073,-790542.4643165052
1074,-736673.2266039844
1075,-933147.3938029818
1076,-722031.2597990114
1077,-775323.1491829847
1078,-827019.7716606851
1079,-770084.8933418381
1080,-830142.339091085
1081,-832095.5174197347
1082,-849797.6245808115
1083,-791679.3256779151
1084,-815032.701161033
1085,-803523.6871458984
1086,-803087.5125811258
1087,-744454.0418096356
1088,-745881.6610010882
1089,-800890.4323766088
1090,-706737.9374878781
1091,-815243.6498560407
1092,-742145.0894478289
1093,-804251.858751909
1094,-827215.3184115496
1095,-869715.3389945888
1096,-783563.2117917272
1097,-771564.1679722049
1098,-762972.3091475762
1099,-790991.4574714205
1100,-790388.2982826099
1101,-736518.0218913588
1102,-711678.5961445359
1103,-674005.2990093749
1104,-694901.6293003988
1105,-670460.1300405883
1106,-660721.1975473086
1107,-650404.3628375301
1108,-634451.1153287689
1109,-621001.0922225337
1110,-600979.4312555043
1111,-638204.5160504321
1112,-674582.2259478759
1113,-590554.3027217101
1114,-633338.4039824785
1115,-660803.602863117
1116,-678066.3441219318
1117,-663645.3202419183
1118,-695267.6551648133
1119,-731238.3031042523
1120,-692061.4358842567
1121,-729679.8315939931
1122,-761635.1274356868
1123,-670109.5118570894
1124,-682295.1312766962
1125,-618266.4334675927
1126,-685108.0897921829
1127,-641866.7512442721
1128,-677059.2149193378
1129,-697224.698791282
1130,-761487.0439029406
1131,-751809.2450492864
1132,-667758.6045935154
1133,-715915.2202251595
1134,-657532.7893230424
1135,-695712.420136701
1136,-681413.0744369348
1137,-694211.5596419534
1138,-679402.3942365546
1139,-808564.2772815974
1140,-736210.4819741906
1141,-644250.4514582638
1142,-727221.300904017
1143,-666269.4862721032
1144,-710200.964287186
1145,-783634.3941699462
1146,-642759.7859027971
1147,-644924.8207976075
1148,-711817.5785014394
1149,-679427.7836161389
1150,-735754.0290501973
1151,-702882.4490544309
1152,-645668.175639044
1153,-688291.9118420447
1154,-618642.8940042881
1155,-643212.5811999717
1156,-634155.8300089346
1157,-644354.6812402441
1158,-631800.9254805904
1159,-578253.9615477418
1160,-665896.0889547026
1161,-701114.7570751931
1162,-682112.8948348647
1163,-625824.7305987246
1164,-630910.2826450389
1165,-728940.052895742
1166,-681752.4134743538
1167,-693939.606431312
1168,-857789.5733423904
1169,-863933.7258930383
1170,-804397.0509232405
1171,-820415.5385941844
1172,-895797.3469196555
1173,-828784.6796295078
1174,-794611.8373255942
1175,-780904.3933775431
1176,-783322.7923863679
1177,-899740.6676129379
1178,-787619.1070953427
1179,-935396.8302578517
1180,-866933.6084208431
1181,-896715.6250249208
1182,-904698.1401950234
1183,-967887.8638205255
1184,-899213.752536131
1185,-878365.5344957802
1186,-838276.0635915543
1187,-849850.2763936465
1188,-953587.9985723258
1189,-964904.3744859552
1190,-899780.6768486009
1191,-987203.0732342822
1192,-968689.1195381414
1193,-1043441.0827076777
1194,-1025162.6955231363
1195,-1016522.4684665585
1196,-1012186.9278237505
1197,-953453.1024064042
1198,-927742.0571190193
1199,-982148.0365231475
1200,-1002789.8624877279
1201,-1046870.5548554801
1202,-941748.9426346959
1203,-967995.3228260169
1204,-977621.9765117937
1205,-988211.891659827
1206,-950464.0915987653
1207,-939783.0131316901
1208,-1012299.8940631439
1209,-986549.9591419584
1210,-1003636.4386674975
1211,-990916.2954559791
1212,-983011.2516829649
1213,-990647.3941004715
1214,-973421.6040297073
1215,-1049924.477438685
1216,-1071103.8175309135
1217,-1062823.837572539
1218,-1000071.6280133816
1219,-1055591.0420251242
1220,-995810.3391667767
1221,-875126.0616196058
1222,-997543.3054337935
1223,-921012.8973661622
1224,-966931.8324700898
1225,-892058.7912409985
1226,-988543.4326180152
1227,-869578.2329926888
1228,-944869.5906326436
1229,-984317.1980672104
1230,-907473.9982294948
1231,-904230.8554479186
1232,-942166.1893889348
1233,-807917.7277440103
1234,-804358.9531461843
1235,-852722.3239163362
1236,-795516.5563839533
1237,-750746.3509300124
1238,-811097.5452435934
1239,-787044.4164798346
1240,-816896.3919681973
1241,-845311.8484411404
1242,-839449.6513855926
1243,-843336.9032842132
1244,-838757.0185903606
1245,-877399.5895558329
1246,-923910.6473952887
1247,-848979.7066468963
1248,-800736.9741743661
1249,-914563.6696263577
1250,-899042.3806718234
1251,-824097.3999369247
1252,-826966.6356994307
1253,-829358.9165554622
1254,-873726.236164253
1255,-792340.5727626003
1256,-959464.2393816123
1257,-861759.0237516707
1258,-937263.8001407394
1259,-982077.3524602517
1260,-982417.6521615336
1261,-986962.3677288861
1262,-1020048.4547156948
1263,-916891.3423306025
1264,-1058786.4531132001
1265,-922613.1643314625
1266,-969317.7010479878
1267,-982935.1141714319
1268,-1017016.9200718069
1269,-1050404.1094439693
1270,-998523.6989203108
1271,-1057537.7044327678
1272,-1089447.611503391
1273,-1109654.930182166
1274,-1020708.3968170707
1275,-1047390.0927277543
1276,-994281.219928146
1277,-1002170.1551962502
1278,-960212.0982232164
1279,-979307.9497830031
1280,-1039426.3225595583
1281,-1072169.0093055945
1282,-1053257.2442712442
1283,-3091841.4962196858
1284,-1079448.4174701385
1285,-3179862.197524281
1286,-2345674.771170027
1287,-1676429.106120279
1288,-1184630.9680791677
1289,-1395004.57505918
1290,-1922639.4322244215
1291,-2299985.412779676
1292,-1504868.4216633681
1293,-1227518.2113795124
1294,-3271448.16240899
1295,-2866096.9800914917
1296,-1331071.6110609686
1297,-2087737.9605363908
1298,-1463595.5803205841
1299,-1368540.7181879315
1300,-1399732.5328071117
1301,-1425958.0104733584
1302,-2578603.5928483545
1303,-1999258.4625630612
1304,-1982455.742754267
1305,-1466719.4708865285
1306,-1782744.9807347364
1307,-1320503.7060714704
1308,-2079553.7044469477
1309,-1344351.0541737631
1310,-1839458.1810792722
1311,-1399781.5157035035
1312,-2079962.602585121
1313,-2426566.31264888
1314,-1657037.2408232642
1315,-5174261.02033725
1316,-1913018.2521603452
1317,-1262712.9447965773
1318,-2543534.207123057
1319,-1667666.9679416069
1320,-1851366.6310721918
1321,-1660895.4774582288
1322,-1501116.7121203057
1323,-2717437.3451174004
1324,-2142395.472449302
1325,-1781801.2154582716
1326,-1966459.4801253034
1327,-1613745.8309211647
1328,-1742228.7792493152
1329,-1483742.5923161164
1330,-1524234.4153189182
1331,-2787929.261421153
1332,-1247092.723818656
1333,-1521745.5372103069
1334,-1626609.611802997
1335,-1373859.141915373
1336,-1284532.499806286
1337,-1298762.6305000412
1338,-1278148.0616176084
1339,-1279708.2580921561
1340,-1428563.811974792
1341,-1614734.6202289467
1342,-1215404.2416384725
1343,-1555393.8402653555
1344,-1196113.4707816727
1345,-1204650.9847097488
1346,-1384547.1209486586
1347,-1382665.358703311
1348,-1132755.4302150127
1349,-1172184.596039209
1350,-1132451.6025852123
1351,-1423546.4132433431
1352,-1108699.0043861174
1353,-1348890.5897731113
1354,-1049797.4210578704
1355,-1119872.0533597893
1356,-1417609.2250798293
1357,-1173862.5420349862
1358,-1087177.5250712864
1359,-1365668.4626376922
1360,-1168917.7708813818
1361,-1153458.6283595243
1362,-1293949.8264453362
1363,-1316003.713985995
1364,-1323215.7611731263
1365,-1581736.8138263668
1366,-1193311.9102278047
1367,-947370.799385783
1368,-1576957.7774476428
1369,-1007476.7988849211
1370,-988872.1196661739
1371,-1016766.2585956157
1372,-1127653.8363306804
1373,-1096150.1569423068
1374,-923131.5575906599
1375,-1287097.604036009
1376,-1367718.7949938343
1377,-1045846.7844232249
1378,-1038745.826503664
1379,-1129258.4910621098
1380,-1057511.7952202386
1381,-1222252.1718552876
1382,-1251955.8517075153
1383,-1195528.5277567438
1384,-1265123.9377791039
1385,-1209241.6220173747
1386,-1126597.7442053095
1387,-1223529.9217012515
1388,-1209123.1839192172
1389,-1167573.135278186
1390,-1136877.2508690762
1391,-1141253.2533209398
1392,-1221119.783778908
1393,-1149383.9122401006
1394,-1233370.8638587738
1395,-1228608.0362326233
1396,-1167037.4703894088
1397,-1441952.6846792928
1398,-1199097.754054075
1399,-1066269.5147944847
1400,-1343032.3211849418
1401,-1401620.4884142815
1402,-1148020.648796566
1403,-1161845.312510081
1404,-1059505.674313278
1405,-1131127.2843949338
1406,-1090760.7361890618
1407,-1053467.039226111
1408,-1136337.9134176585
1409,-1073972.9881013564
1410,-1097332.8323321498
1411,-1102834.7980250292
1412,-1087964.0091048607
1413,-1096185.3310633434
1414,-1035104.2646528154
1415,-1205471.080063988
1416,-1137097.222151299
1417,-1231298.3317492884
1418,-1035179.8472567822
1419,-1078390.6603711133
1420,-892539.3959625608
1421,-1024200.58005224
1422,-1190112.6004163967
1423,-829866.3290174659
1424,-899266.6136296872
1425,-904534.8533656357
1426,-929509.4050507863
1427,-826397.590608389
1428,-1101358.9191200908
1429,-916784.0503300724
1430,-819791.5433025472
1431,-872420.8104021543
1432,-856003.9473088757
1433,-1086818.0356398667
1434,-1064141.7052766066
1435,-1039365.3886920498
1436,-1026603.7767861208
1437,-1019754.9864788287
1438,-1013192.445812478
1439,-1020729.1869021462
1440,-952497.4859944789
1441,-990504.0282533609
1442,-944369.1817887074
1443,-1108087.537695306
1444,-1042771.570629035
1445,-970911.7976276625
1446,-1070179.324005775
1447,-982859.5780645218
1448,-985362.9690775976
1449,-973110.1335758835
1450,-1145990.4704725966
1451,-938352.6688916693
1452,-957788.0988618716
1453,-937734.7856527155
1454,-950909.0226966345
1455,-949830.3564168797
1456,-936290.7744660914
1457,-964123.1657468912
1458,-958358.5344143996
1459,-977390.6096950895
1460,-1062298.1179528735
1461,-1025800.2138587234
1462,-1095354.6383499901
1463,-1380566.5776874754
1464,-1074288.1620971519
1465,-982357.8060379871
1466,-1100105.2279413396
1467,-1238239.1187992564
1468,-984886.9288732522
1469,-964389.3510891658
1470,-1183945.7664141217
1471,-1152647.650217612
1472,-1027898.2611713834
1473,-1100642.2835878893
1474,-1009143.493183841
1475,-1060003.1715058624
1476,-1186284.293525308
1477,-1150618.1355145117
1478,-1234068.6754695638
1479,-1220398.0899040704
1480,-1161602.7867226107
1481,-1331029.4172826014
1482,-1215195.9742207788
1483,-1194685.7841517793
1484,-1198803.0516915144
1485,-1155382.857088602
1486,-1124927.0890962745
1487,-1235258.7452721456
1488,-1282997.0511927572
1489,-1234670.736813533
1490,-1370461.602978371
1491,-1288321.2556912112
1492,-1319450.5340149761
1493,-1262415.52163709
1494,-1259696.8990304808
1495,-1247215.0356107627
1496,-1229415.4722157116
1497,-1243200.8978522068
1498,-1360354.4745366287
1499,-1168466.0108123273
1500,-1170226.7600330105
1501,-1240130.5470554605
1502,-1201631.3645960146
1503,-1118785.0464191984
1504,-1202066.528782703
1505,-1175998.9680983252
1506,-1247951.1145405162
1507,-1203171.2683152806
1508,-1141014.8679519012
1509,-1224961.761969226
1510,-1283336.00709366
1511,-1295113.9612433948
1512,-1282192.766284198
1513,-1297132.0482349126
1514,-1230354.89170046
1515,-1174645.280515253
1516,-1169007.2820227703
1517,-1199335.6287842996
1518,-1189298.6559211626
1519,-1252054.5552822703
1520,-1190550.2578957982
1521,-1175138.794960677
1522,-1201730.2050776489
1523,-1249299.064132944
1524,-1200626.2062659967
1525,-1128189.2784508804
1526,-1136646.664541491
1527,-1084240.1019669366
1528,-1102926.917719821
1529,-1050109.0613986223
1530,-1097340.1067670537
1531,-1143020.9798566333
1532,-1050910.8099166185
1533,-1080762.2879032842
1534,-1093630.7025172939
1535,-1183822.982778683
1536,-1068418.6332068313
1537,-1112364.9534650529
1538,-1133452.9846178743
1539,-1142284.0810579695
1540,-1215653.9577049545
1541,-1192832.608424081
1542,-1157963.7373237447
1543,-1096064.9530954086
1544,-1173307.71244711
1545,-1147638.9442157263
1546,-1053530.6103458114
1547,-1064382.9784532993
1548,-1072948.5075315349
1549,-1031097.638033309
1550,-1076028.9187975498
1551,-1049625.307177101
1552,-1025732.8503015544
1553,-971587.9449113469
1554,-1073148.760012136
1555,-983967.7984529085
1556,-1077511.4129829877
1557,-975421.3418693764
1558,-973472.6495296035
1559,-910062.5066672954
1560,-899454.2117461094
1561,-938968.9731861618
1562,-877054.9631161364
1563,-960223.955079908
1564,-965598.8705129754
1565,-961134.2241902011
1566,-1112112.2502765711
1567,-980885.7275469722
1568,-1002336.9254395763
1569,-990906.2873855906
1570,-946150.8463470242
1571,-979261.3800544189
1572,-1022233.2316081193
1573,-1074301.521426635
1574,-1075787.8377446616
1575,-1107237.7824393273
1576,-1167646.9449836477
1577,-1203759.0160386483
1578,-1023770.6026475313
1579,-1103498.0695992701
1580,-1209428.7412997591
1581,-1213134.3894620927
1582,-1247738.4426692696
1583,-1282570.7566823484
1584,-1186326.3044386925
1585,-1220614.3395382047
1586,-1224315.7291934823
1587,-1192825.9324638492
1588,-1191064.862117814
1589,-1299055.322304397
1590,-1335871.7246177068
1591,-1335669.3165248886
1592,-1335892.171019187
1593,-1303076.2786434144
1594,-1350165.5821580808
1595,-1236002.6930662242
1596,-1305981.6798246643
1597,-1202624.3274230394
1598,-1361259.605883328
1599,-1334856.3760145267
1600,-1236159.1768368846
1601,-1248769.116502776
1602,-1167805.2628335773
1603,-1235394.4442475124
1604,-1202498.6555549863
1605,-1294790.6378098207
1606,-1322765.7463533566
1607,-1296957.5453819348
1608,-1361543.435098369
1609,-1361057.4389987735
1610,-1220829.0329063255
1611,-1244098.374730823
1612,-1404477.9133770457
1613,-1321172.219130647
1614,-1299782.8712354698
1615,-1382288.6712461472
1616,-1203373.661961398
1617,-1303038.153599073
1618,-1362045.834483113
1619,-1294149.3163088306
1620,-1320393.4862887303
1621,-1280323.573467158
1622,-1334348.9213130008
1623,-1402824.1554667165
1624,-1399145.7350329394
1625,-1410989.645216304
1626,-1364195.111501523
1627,-1295576.4001245443
1628,-1447310.5261012965
1629,-1413240.1310768719
1630,-1457483.1967989355
1631,-1425708.798238758
1632,-1395085.974636117
1633,-1453816.1727986995
1634,-1367496.7153422185
1635,-1447057.1277821471
1636,-1326294.8179492515
1637,-1433024.6742711507
1638,-1499654.060257084
1639,-1461648.8722566678
1640,-1284056.9069365133
1641,-1430522.257891783
1642,-1372269.3330893056
1643,-1397213.3519762724
1644,-1347300.2552313216
1645,-1334116.2712629554
1646,-1342367.6332094106
1647,-1382644.6467340044
1648,-1318771.7621609143
1649,-1317854.7391785416
1650,-1359371.5321009655
1651,-1275615.2220520356
1652,-1350444.2392560379
1653,-1387466.6487822041
1654,-1399585.8642994484
1655,-1315334.308695304
1656,-1360521.1095058685
1657,-1366838.0953290695
1658,-1304618.0646965222
1659,-1282717.9460325344
1660,-1275012.984700226
1661,-1268538.7937121263
1662,-1265048.5448361498
1663,-1358307.627810997
1664,-1381277.6503409462
1665,-1338062.7240521614
1666,-1316356.3775330763
1667,-1372423.1851659156
1668,-1394053.4019361513
1669,-1382523.7226102748
1670,-1357809.6651929156
1671,-1318355.2206305754
1672,-1303022.164647582
1673,-1270598.4415702233
1674,-1245782.237632405
1675,-1257555.3421171163
1676,-1310797.2948723352
1677,-1251885.5296254104
1678,-1250667.3914628187
1679,-1136943.5079334332
1680,-1217971.527923845
1681,-1297478.322625901
1682,-1330547.040058433
1683,-1383995.415887449
1684,-1371697.9832899696
1685,-1428452.2665227465
1686,-1424987.914828695
1687,-1357916.692685896
1688,-1474653.409707967
1689,-1481576.2297477475
1690,-1425425.3942433866
1691,-1372381.095642212
1692,-1429952.1707799898
1693,-1393028.890293713
1694,-1499584.6906900846
1695,-1451475.359154763
1696,-1431267.273017121
1697,-1476247.8165032463
1698,-1437141.2191520988
1699,-1443727.1919393325
1700,-1387639.8585279316
1701,-1432830.1298399484
1702,-1500280.3172087476
1703,-1480236.4439594331
1704,-1397997.6969130684
1705,-1441837.3853656629
1706,-1443502.9153440322
1707,-1501592.5919017068
1708,-1453040.2530989007
1709,-1408611.980863759
1710,-1362172.6576746888
1711,-1361871.4950361892
1712,-1263009.0302832457
1713,-1319413.178086482
1714,-1244543.1751428542
1715,-1291012.338580412
1716,-1205297.0363893395
1717,-1260046.5898649925
1718,-1280745.5162474718
1719,-1223387.7132716568
1720,-1249078.2478719018
1721,-1238992.8684668913
1722,-1232212.5944432374
1723,-1275522.0500855364
1724,-1274224.0586492838
1725,-1279653.4003385466
1726,-1348056.4856151994
1727,-1370895.3415387773
1728,-1352845.128971885
1729,-1302701.6030424128
1730,-1271239.6408375145
1731,-1217643.0112315274
1732,-1195925.649017586
1733,-1218442.745944013
1734,-1259183.8720464138
1735,-1227032.2200704324
1736,-1267606.2108894973
1737,-1218040.7287502124
1738,-1248609.5361471637
1739,-1231721.7666519913
1740,-1242425.2348196814
1741,-1270574.3017315802
1742,-1175667.038132728
1743,-1146188.102673817
1744,-1208802.334867262
1745,-1188333.926059501
1746,-1226178.0491252444
1747,-1249657.778944888
1748,-1163583.9433438403
1749,-1163781.7375284857
1750,-1110927.4597902708
1751,-1122034.4426772096
1752,-1221398.991262977
1753,-1169017.4818122482
1754,-1191958.643491521
1755,-1153610.587559697
1756,-1224881.257090245
1757,-1270546.4226247668
1758,-1218247.7953786224
1759,-1191575.3504659126
1760,-1226109.1412188145
1761,-1252616.2471639568
1762,-1258881.7860712996
1763,-1257983.6157797398
1764,-1283653.165262946
1765,-1199365.2172227197
1766,-1343833.1715279631
1767,-1339922.760259732
1768,-1372094.3484739775
1769,-1360602.991184687
1770,-1427463.0443652694
1771,-1379490.9843048807
1772,-1373937.6323712268
1773,-1329101.8452594385
1774,-1439409.81354613
1775,-1529326.1330134273
1776,-1418944.3343091626
1777,-1437322.1162839544
1778,-1373740.215392964
1779,-1323262.8114945875
1780,-1381645.4638843455
1781,-1386418.3227515959
1782,-1390338.8763509463
1783,-1427944.652515502
1784,-1458637.6101155202
1785,-1433487.845192545
1786,-1462690.3294663697
1787,-1391010.2325627282
1788,-1483015.8120848013
1789,-1426875.799908912
1790,-1475825.5637133527
1791,-1446876.8566072092
1792,-1378440.762928752
1793,-1456923.6313803217
1794,-1489625.3754384045
1795,-1445947.0163356145
1796,-1440647.9960581423
1797,-1441623.4892932295
1798,-1592867.886436517
1799,-1415904.2092992705
1800,-1373133.4459504434
1801,-1477370.109414994
1802,-1368307.5996033587
1803,-1354987.3037626317
1804,-1287225.5593681908
1805,-1260718.4753003973
1806,-1325584.7694580643
1807,-1156551.829237607
1808,-1221973.980114812
1809,-1278545.1556419844
1810,-1282334.6654336478
1811,-1268487.1567712054
1812,-1196021.679179723
1813,-1265317.3620900442
1814,-1292435.4018543058
1815,-1239275.2952055063
1816,-1193584.8657448841
1817,-1171690.2941650779
1818,-1276289.3029286456
1819,-1283089.24054279
1820,-1251033.8387124627
1821,-1290898.2998861924
1822,-1216650.4558413662
1823,-1227316.9499896702
1824,-1263222.290243226
1825,-1253780.2379876769
1826,-1264266.5413669783
1827,-1211445.1658223174
1828,-1192460.8999036027
1829,-1256848.270774623
1830,-1220024.1756264786
1831,-1203977.8837045184
1832,-1198516.7782525143
1833,-1231397.713246452
1834,-1284784.0229991223
1835,-1216319.369993433
1836,-1187520.8415464188
1837,-1207233.495130117
1838,-1243829.0219361014
1839,-1193764.21726926
1840,-1279132.236285999
1841,-1297017.7184914285
1842,-1209653.6882672124
1843,-1324455.1755574495
1844,-1320255.4131071684
1845,-1333812.9722111423
1846,-1307968.3576152762
1847,-1365844.446241423
1848,-1339960.9338453072
1849,-1395651.933556406
1850,-1336318.6697625467
1851,-1300185.040657061
1852,-1283183.4809110607
1853,-1330527.6290710496
1854,-1291778.6233167301
1855,-1323157.7877153624
1856,-1331513.000275449
1857,-1284715.371102383
1858,-1238332.8989207596
1859,-1220215.6482375353
1860,-1272761.6616216805
1861,-1339644.9208625865
1862,-1283141.677171361
1863,-1317317.2211703088
1864,-1244014.1588878832
1865,-1264639.0094304164
1866,-1247471.6942580922
1867,-1242967.3519059254
1868,-1210553.118196056
1869,-1133251.253673397
1870,-1047636.972499494
1871,-1042159.3880731025
1872,-1109781.827805958
1873,-1012534.2965309152
1874,-1128965.991624474
1875,-1125028.682166888
1876,-1145840.6045075385
1877,-1108138.4112060037
1878,-1140667.9285591568
1879,-1078411.7931101704
1880,-1064868.8772701332
1881,-1155114.7563166495
1882,-1110266.210248478
1883,-1165353.8929039226
1884,-1184617.622125069
1885,-1098907.1608471235
1886,-1117197.498536088
1887,-1136581.9277887195
1888,-1124389.9573618267
1889,-1205813.1115944164
1890,-1242986.2940637628
1891,-1269217.0221568937
1892,-1246132.6740518992
1893,-1198768.3468491882
1894,-1168142.5057352234
1895,-1137020.263238711
1896,-1221307.0241231148
1897,-1174700.6064349515
1898,-1229373.7995637439
1899,-1178196.7434121498
1900,-1153825.2686057794
1901,-1138945.2284497775
1902,-1205048.9084075964
1903,-1179085.7444842956
1904,-1208258.4720006525
1905,-1215463.3258327905
1906,-1174133.6861749624
1907,-1255694.1197646782
1908,-1267158.163437756
1909,-1264900.7305035098
1910,-1176581.6965136277
1911,-1287651.9133656
1912,-1284194.8861810109
1913,-1285985.5981875549
1914,-1249421.6014097193
1915,-1256937.723526303
1916,-1199500.9329337203
1917,-1230258.698755771
1918,-1249784.4855055704
1919,-1301032.7927514971
1920,-1280261.22617555
1921,-1246676.0824087092
1922,-1266068.09289892
1923,-1187911.2130769049
1924,-1205254.0986260835
1925,-1283905.1556626447
1926,-1225922.4076923062
1927,-1134744.6317908717
1928,-1184376.103779762
1929,-1324790.787355768
1930,-1298882.3901160473
1931,-1314531.0489576329
1932,-1332475.631014895
1933,-1323177.5770185573
1934,-1335738.4076068823
1935,-1329887.4439222189
1936,-1296507.8217492711
1937,-1321075.603832331
1938,-1287544.9732014425
1939,-1264386.0049009444
1940,-1283502.3032541287
1941,-1220193.4788090198
1942,-1337324.60816556
1943,-1275714.264625087
1944,-1304165.0997068463
1945,-1223366.336186734
1946,-1166161.163111295
1947,-1185590.8383076699
1948,-1271161.5787191852
1949,-1238531.897030033
1950,-1231369.8944962223
1951,-1287715.6592951985
1952,-1186812.5625692233
1953,-1230099.0438379154
1954,-1220791.364171243
1955,-1143439.06095141
1956,-1226140.180719888
1957,-1205987.1288515083
1958,-1172703.8347328005
1959,-1133085.1906990483
1960,-1189189.802080914
1961,-1148134.91737739
1962,-1168999.6790897865
1963,-1167439.168806302
1964,-1120685.261175341
1965,-1193443.7120052897
1966,-1137524.2831748007
1967,-1217829.1319535642
1968,-1222992.4646633966
1969,-1215115.7964082365
1970,-1178480.2228908632
1971,-1233110.5539020463
1972,-1238234.1147918617
1973,-1287114.0265493717
1974,-1251744.8760388794
1975,-1222887.4673707318
1976,-1231104.9237424098
1977,-1177016.285794335
1978,-1170056.4795174259
1979,-1289563.0894635478
1980,-1262559.7968857214
1981,-1266879.0039402444
1982,-1235055.5189312657
1983,-1248034.6228258726
1984,-1312365.187958764
1985,-1232965.0412182142
1986,-1274317.5462350354
1987,-1322585.5827593748
1988,-1293990.6493520425
1989,-1240402.3209497235
1990,-1243286.461929964
1991,-1255067.8440704006
1992,-1272273.9253590438
1993,-1260449.9842983878
1994,-1225358.788754048
1995,-1222771.9214638872
1996,-1210742.371759622
1997,-1297163.3637965429
1998,-1330104.2260847674
1999,-1250018.908607159
2000,-1286884.454224243
2001,-1211088.3619820992
2002,-1274208.1277007584
2003,-1270497.3326314122
2004,-1218201.4356713134
2005,-1319365.8595658601
2006,-1276302.8630346544
2007,-1232931.4001126955
2008,-1268297.6499285526
2009,-1239887.7203045944
2010,-1225302.1008309391
2011,-1320312.8992102123
2012,-1284546.6518096223
2013,-1308042.4969797595
2014,-1306615.7291122081
2015,-1314578.869967807
2016,-1301298.8647070297
2017,-1304209.8320935392
2018,-1314892.9715429193
2019,-1298294.3236210581
2020,-1282909.4636256055
2021,-1267444.0685722637
2022,-1283808.8281863015
2023,-1275907.5532162925
2024,-1244429.516507992
2025,-1265600.8041940182
2026,-1354460.231741543
2027,-1288915.3859900367
2028,-1272186.3633738076
2029,-1320270.973116268
2030,-1265465.9216529792
2031,-1197013.5322192435
2032,-1185732.7086036005
2033,-1271171.4066332288
2034,-1307894.1625332395
2035,-1261544.4159504822
2036,-1242915.6095823832
2037,-1291925.4767901627
2038,-1225603.6830225505
2039,-1259142.1771949441
2040,-1204864.1997830293
2041,-1211302.4003776424
2042,-1216532.2758371271
2043,-1201407.000114614
2044,-1132732.5988054993
2045,-1154798.141411711
2046,-1245881.4885655008
2047,-1244173.0314894428
2048,-1184987.6095989996
2049,-1296241.233004569
2050,-1178584.92782233
2051,-1220336.1245340866
2052,-1228650.5850072117
2053,-1217643.7789630299
2054,-1194915.9263915606
2055,-1208993.4079337236
2056,-1167552.060218055
2057,-1258860.794896329
2058,-1175682.4205760837
2059,-1198990.1566398111
2060,-1113912.1571408052
2061,-1139187.0046830918
2062,-1193723.5788956273
2063,-1129431.0705379674
2064,-1139242.3573427298
2065,-1231110.6158426213
2066,-1200013.7087373477
2067,-1201414.4123203792
2068,-1197646.2685055945
2069,-1199301.385025994
2070,-1268388.0667240724
2071,-1216163.3803023733
2072,-1212253.3195182497
2073,-1175943.7731084109
2074,-1178963.8456383094
2075,-1259644.0583232366
2076,-1189491.1299986388
2077,-1203753.7684472017
2078,-1189841.0092053383
2079,-1227975.3489922937
2080,-1183513.3468563955
2081,-1128895.7320136414
2082,-1220181.7835388258
2083,-1213341.2166303585
2084,-1128840.539485759
2085,-1176636.3147592668
2086,-1178617.9718874702
2087,-1119287.3941426147
2088,-1171890.375550094
2089,-1191974.9346541963
2090,-1197406.0594265894
2091,-1230088.6372821513
2092,-1180983.8621303174
2093,-1190430.7135980981
2094,-1133100.277775276
2095,-1104156.056666659
2096,-1076920.0498939522
2097,-1188029.4649460318
2098,-1203116.22966081
2099,-1192517.648155718
2100,-1128906.2584949632
2101,-1115735.65217493
2102,-1083320.578472239
2103,-1094574.0618776432
2104,-980574.7692163361
2105,-1053975.2709308993
2106,-995107.2666527532
2107,-985752.5730560496
2108,-1015400.9677301516
2109,-935702.1560856781
2110,-886029.7393363488
2111,-972803.4083074119
2112,-958652.395656703
2113,-958167.6691306045
2114,-879806.3316353197
2115,-800907.3445256914
2116,-956076.8241350328
2117,-993197.8116714319
2118,-971028.1068019504
2119,-885214.2438948601
2120,-1018208.9298592649
2121,-900737.7670524687
2122,-881141.5755312671
2123,-932994.9650425104
2124,-942329.7262950421
2125,-887191.7419566314
2126,-838726.1876921193
2127,-852615.9821522208
2128,-885066.5041751429
2129,-822976.5399586546
2130,-797192.1906614967
2131,-813619.8377101525
2132,-830777.2972510785
2133,-873482.0621768683
2134,-907099.2762257765
2135,-870449.7171142361
2136,-839897.2003396235
2137,-850800.6284078564
2138,-882941.8589659028
2139,-955886.44906894
2140,-922638.9983291975
2141,-964342.9359829305
2142,-984649.7000000174
2143,-953905.9187793194
2144,-951406.709598989
2145,-942360.1682095398
2146,-997136.2990329615
2147,-931888.611837607
2148,-998228.1037225141
2149,-888204.587803089
2150,-856938.591580593
2151,-869184.2087873684
2152,-904668.0028754745
2153,-866960.0281835755
2154,-903458.6854255195
2155,-935955.5540208729
2156,-932019.2291433588
2157,-856474.4910961066
2158,-856695.5361904765
2159,-798435.1546304759
2160,-867009.4483046744
2161,-822886.5530507072
2162,-874079.1546123921
2163,-906662.1526958849
2164,-832078.8106992848
2165,-842821.5024666723
2166,-876410.624738965
2167,-875410.2396805937
2168,-892265.307370503
2169,-881993.912304475
2170,-894603.4612002539
2171,-842493.6232061188
2172,-863591.3996517204
2173,-843179.1759925364
2174,-874744.6130163954
2175,-856843.8291465167
2176,-897468.6275247519
2177,-908409.7385111703
2178,-894350.7396310496
2179,-865041.12291839
2180,-808579.1581251969
2181,-879071.5795689214
2182,-904791.2769287576
2183,-874475.7036249123
2184,-836723.6189999534
2185,-851721.6498272754
2186,-811347.3974867074
2187,-876002.2822065665
2188,-838580.6502996001
2189,-777725.3098045427
2190,-805512.7090885967
2191,-800772.8180373457
2192,-797060.9259571246
2193,-765520.7683829856
2194,-786469.6743523272
2195,-789090.0146696009
2196,-726013.3916453426
2197,-738658.1884087683
2198,-765971.6942081267
2199,-748990.2874302183
2200,-769779.8030798605
2201,-806779.3483809659
2202,-700027.169696925
2203,-804510.4330860497
2204,-802992.4606895103
2205,-801729.6515327541
2206,-811390.8848609301
2207,-823439.6886774272
2208,-818974.8627492466
2209,-850409.0229384208
2210,-875260.6440693062
2211,-864574.7426058301
2212,-841041.6750029522
2213,-910524.1195200747
2214,-872397.1129017274
2215,-878976.4048561645
2216,-848387.9218966278
2217,-801962.6864718081
2218,-841311.0526228327
2219,-803584.0885445853
2220,-842369.3691534912
2221,-750256.315258252
2222,-738857.8095621427
2223,-759588.3097038371
2224,-711349.0522026978
2225,-778698.6946428524
2226,-693733.6840614224
2227,-667266.8535433875
2228,-716311.7305143839
2229,-648367.1153542523
2230,-621948.2821600086
2231,-645400.9331350082
2232,-679836.1716220164
2233,-661926.393788625
2234,-653815.2071902028
2235,-638707.5899449377
2236,-673384.5642735987
2237,-680457.5711722103
2238,-658923.6709608564
2239,-660275.3376269474
2240,-680891.6481442787
2241,-676553.0841265445
2242,-674949.5285755233
2243,-667313.8343762893
2244,-696257.6668432254
2245,-663965.2606279859
2246,-649686.4233995039
2247,-663394.5478241192
2248,-662619.7852804078
2249,-678970.389089818
2250,-723106.6167879762
2251,-698588.7875418232
2252,-699725.388720799
2253,-747593.0995056311
2254,-656872.1565118476
2255,-658840.4777809072
2256,-619515.2780355117
2257,-676673.9929009767
2258,-602640.5012298897
2259,-601093.660200469
2260,-597688.2416680899
2261,-611311.7978906692
2262,-633876.1111388406
2263,-645707.1994014132
2264,-628097.6781240534
2265,-605173.7732992953
2266,-575975.7503235161
2267,-596101.5181315818
2268,-605055.9834825533
2269,-660678.9729008435
2270,-689682.6799810113
2271,-663212.2856484344
2272,-620167.0842729695
2273,-654977.6188105606
2274,-628331.2662733326
2275,-573460.463401742
2276,-573760.2899574006
2277,-613987.052550735
2278,-723908.0077252926
2279,-594368.4820641549
2280,-590703.7085785235
2281,-701463.6847388181
2282,-586217.7123732218
2283,-586847.4938981081
2284,-612027.7231711384
2285,-588646.159428287
2286,-646617.5771912404
2287,-654883.3330289647
2288,-626194.9608456781
2289,-701675.5979648251
2290,-614372.365586265
2291,-609770.4035418027
2292,-701666.887037453
2293,-629225.5088627272
2294,-644967.0674418379
2295,-603835.0711386441
2296,-581808.6846231373
2297,-714354.0501624126
2298,-713246.0415996398
2299,-579744.5435448445
2300,-649380.3018418824
2301,-771729.0182818413
2302,-675196.3474796
2303,-636372.5600199127
2304,-695555.1850187891
2305,-760825.3095422213
2306,-676229.4667469063
2307,-819341.7164987923
2308,-769583.4187659541
2309,-733729.5174567294
2310,-754188.881068594
2311,-754087.0763171081
2312,-745571.2601513171
2313,-848053.103440912
2314,-725235.217616336
2315,-613047.5431089458
2316,-853074.0584395372
2317,-642282.2669842454
2318,-633704.8130739122
2319,-841677.218074635
2320,-506800.9218905382
2321,-490763.1865670495
2322,-612034.4203890708
2323,-671506.629010773
2324,-628044.5303093868
2325,-518461.66274497216
2326,-599313.185652594
2327,-636267.9450038623
2328,-569836.5313082559
2329,-627695.2615508508
2330,-603277.4383984429
2331,-503087.08830629726
2332,-523173.88968702836
2333,-566356.6172263578
2334,-574888.5664398227
2335,-673349.4374738416
2336,-584681.6442244959
2337,-625919.0011460353
2338,-546269.0549472175
2339,-748776.6850195806
2340,-691903.896864618
2341,-628543.086811978
2342,-599499.3704681925
2343,-674926.0697028609
2344,-607551.1462963881
2345,-778187.9872666171
2346,-759296.3488395527
2347,-668146.8873761338
2348,-573771.032012713
2349,-638312.9026177218
2350,-607797.3953845769
2351,-591865.8531932824
2352,-685538.7572509503
2353,-741995.3140105249
2354,-637076.2506945233
2355,-788422.653458734
2356,-781867.671210377
2357,-476982.57317905163
2358,-744204.6396357515
2359,-622120.4965465802
2360,-581204.9601650949
2361,-577535.4186021675
2362,-567008.8904940869
2363,-788641.1198672904
2364,-517657.23620086384
2365,-612431.9851363988
2366,-515045.09603482543
2367,-518921.56310657307
2368,-625248.5099806853
2369,-596571.9486479735
2370,-640639.3389473457
2371,-670964.3028744127
2372,-654218.2592791567
2373,-551158.4072239221
2374,-528674.1018072248
2375,-494229.3990213142
2376,-476854.7386855946
2377,-647489.2152171948
2378,-516464.7306284313
2379,-611601.023838104
2380,-545531.4226722645
2381,-530216.5496491299
2382,-700114.8955670244
2383,-493621.1023498995
2384,-666398.7112192108
2385,-885450.8866130796
2386,-897465.2073927121
2387,-662593.0573779319
2388,-694891.6774964384
2389,-535035.1499129478
2390,-716412.7858595435
2391,-772717.1231348175
2392,-680095.5336989891
2393,-693651.1356145194
2394,-743668.1844343736
2395,-863560.6110798281
2396,-732961.3613855201
2397,-719626.9323642226
2398,-776423.6976605247
2399,-716511.5803292086
2400,-779565.2619614324
2401,-701918.4361938207
2402,-873534.4399259023
2403,-873398.5821357586
2404,-696349.7957245471
2405,-667088.8759029149
2406,-725407.1318220373
2407,-780487.926839468
2408,-713254.3704209526
2409,-738359.5571486835
2410,-710326.6640137971
2411,-741170.0110596922
2412,-687180.44836848
2413,-724438.3070332131
2414,-758182.6004589836
2415,-662197.578037183
2416,-749781.9963924052
2417,-785216.1284078173
2418,-711916.6723101976
2419,-839833.068641863
2420,-801515.7213960385
2421,-710908.584712391
2422,-844647.9485269992
2423,-843545.6438842062
2424,-875527.868023314
2425,-846639.0690198701
2426,-873286.5695854982
2427,-866931.8689948609
2428,-815588.1617401564
2429,-839037.6823150133
2430,-724605.4023553254
2431,-820201.7171778647
2432,-845296.1747485698
2433,-849762.7235271826
2434,-769146.2554627327
2435,-646685.748081048
2436,-660664.4175936067
2437,-857755.6629601268
2438,-705591.0037402515
2439,-748854.3961390348
2440,-728414.1925720925
2441,-568982.4394884509
2442,-593877.6514048066
2443,-736756.199328322
2444,-609322.6282618106
2445,-601451.7805048985
2446,-665006.2160267673
2447,-643092.3737607618
2448,-630761.6962206913
2449,-629833.2554357009
2450,-628182.8779600816
2451,-628345.93678815
2452,-750932.597124656
2453,-743520.8553200216
2454,-894646.0913375923
2455,-742401.556054261
2456,-713942.9058634037
2457,-842418.0244001603
2458,-689833.3968658965
2459,-799236.0448573006
2460,-725227.3438758191
2461,-712679.0347211373
2462,-885677.5274807606
2463,-698517.3725993214
2464,-726183.550034048
2465,-699151.9361054103
2466,-669021.0578689302
2467,-701681.9712666015
2468,-721919.3642149378
2469,-705497.3374762479
2470,-700876.8937650591
2471,-902255.0688162968
2472,-865282.3833114355
2473,-935465.530056613
2474,-745788.6508824979
2475,-650048.7844877839
2476,-707762.7689007181
2477,-877106.5511323835
2478,-717745.5777079449
2479,-857743.0195276754
2480,-790689.8237673694
2481,-770634.1371881772
2482,-801157.028021914
2483,-568160.9500668307
2484,-863606.3946360144
2485,-812596.5523994856
2486,-903658.2240607601
2487,-979281.4658308784
2488,-893534.0642983073
2489,-644651.4136990414
2490,-933766.6568374549
2491,-771601.1421305018
2492,-906201.0549143791
2493,-695264.8942995258
2494,-929765.9231097386
2495,-857087.6883350865
2496,-890836.1924782331
2497,-905401.9000124236
2498,-606822.991699649
2499,-827592.5090036961
2500,-848712.7350008454
2501,-838248.9633864634
2502,-823682.3408519396
2503,-914782.1582938781
2504,-827899.5111750283
2505,-779627.8231293836
2506,-885460.713576009
2507,-727375.6606839616
2508,-809276.7497825064
2509,-812324.6618927161
2510,-890439.2950964543
2511,-1047037.6434061585
2512,-935344.1265030073
2513,-975205.8142057247
2514,-784715.6664698591
2515,-865915.161806037
2516,-801539.7110782033
2517,-912723.9960341157
2518,-641282.5984272696
2519,-871250.8708333138
2520,-850632.2865061352
2521,-797281.6791537573
2522,-834671.3911771228
2523,-853695.1998723291
2524,-804555.7572479598
2525,-852878.0146349824
2526,-841313.6409197266
2527,-899532.0238190084
2528,-864993.8346836704
2529,-962082.3217182811
2530,-922828.2426553515
2531,-900310.4895126461
2532,-961367.4443310212
2533,-909247.5808865156
2534,-895983.507107026
2535,-753212.6106360296
2536,-913937.0371392474
2537,-955524.2821811864
2538,-730601.5458339138
2539,-1080072.0302966477
2540,-942009.3525148558
2541,-925194.1153848836
2542,-977085.4786423084
2543,-1079971.3694130774
2544,-885297.4033911044
2545,-1092745.8395301711
2546,-983807.4667683156
2547,-1189518.039883248
2548,-976715.3635719088
2549,-970229.5468479353
2550,-1012683.07654193
2551,-1086488.7584260148
2552,-993107.1851762957
2553,-1273384.340920337
2554,-1209001.6879892242
2555,-1081087.5935136694
2556,-1036565.2469018176
2557,-961872.3643341284
2558,-1068110.0349984264
2559,-1054191.4013590738
2560,-1065815.2145176264
2561,-964966.011897451
2562,-1150997.0027223548
2563,-922341.5571823219
2564,-1322234.6535185035
2565,-1130307.208414403
2566,-1094075.5437088294
2567,-909034.0969463761
2568,-1417809.1746159107
2569,-1116096.0600780733
2570,-1104520.0509426077
2571,-996343.4247484163
2572,-990722.4683516321
2573,-1142142.6784713243
2574,-1129326.553573122
2575,-1150192.4272909856
2576,-986357.9632083429
2577,-1124276.7127575995
2578,-960990.2715390711
2579,-1108721.036286092
2580,-1022051.3440047695
2581,-986954.4352047907
2582,-1184782.6202874333
2583,-1244673.7294849856
2584,-1029589.0707193199
2585,-925657.6282499107
2586,-1054499.4185205419
2587,-917312.4008469323
2588,-1088946.710663267
2589,-1075320.963748422
2590,-1022398.6316606613
2591,-946633.5485954387
2592,-1064924.7482093177
2593,-1068613.4521391364
2594,-1199771.737343493
2595,-1098732.3628560454
2596,-1152204.999098066
2597,-1054185.1677306364
2598,-1085673.0065349024
2599,-1373048.9349249045
2600,-1094880.6632095552
2601,-1037966.666982681
2602,-1055911.4303679767
2603,-1066293.3279281901
2604,-1038368.0941898616
2605,-809581.8842834432
2606,-1014462.7954544883
2607,-1000195.0092890233
2608,-1068699.6536153643
2609,-1193463.4295279926
2610,-1032750.463046303
2611,-1177316.2494192012
2612,-1041481.315303615
2613,-1213529.5897633643
2614,-979489.0391909335
2615,-1000405.7149231466
2616,-1034999.5765025576
2617,-1216408.7639964626
2618,-1087805.1138213333
2619,-1021354.1502862951
2620,-1273046.7819074236
2621,-1285312.0509314118
2622,-1075851.1594905779
2623,-1119047.1334905415
2624,-1140498.9635422805
2625,-1275191.2227514733
2626,-1363685.8680759305
2627,-1298285.963251052
2628,-1356260.4937275331
2629,-1326105.0879352798
2630,-1255275.435323083
2631,-1391765.1695384884
2632,-1587473.5275346343
2633,-1369428.9739160845
2634,-1140957.0107661202
2635,-920724.2186213236
2636,-1556105.3638242763
2637,-1091624.9994720928
2638,-971288.3936259976
2639,-1115581.8322440344
2640,-936831.5855201287
2641,-1292315.9107036372
2642,-1362932.1349230118
2643,-1027184.8440987298
2644,-1173472.560884025
2645,-1317819.4629723444
2646,-1328106.6650002904
2647,-1079767.5145820756
2648,-1091073.8470795467
2649,-1347499.6223963774
2650,-1379897.9009016347
2651,-1332226.28727165
2652,-1160577.4519157356
2653,-967515.6180059935
2654,-1421424.2742914814
2655,-979348.846277387
2656,-998570.13218841
2657,-1225451.8038420123
2658,-941700.4480911342
2659,-1024012.9914222823
2660,-1015092.9620996591
2661,-1128193.3578908853
2662,-868158.7175889983
2663,-1059378.4235010303
2664,-1097236.255043478
2665,-987775.0266134428
2666,-1098102.8073640934
2667,-1106117.2866049167
2668,-846843.3343668506
2669,-919255.3626850896
2670,-1163283.0207994278
2671,-1059588.522469447
2672,-1120003.2952750975
2673,-1126566.5059758327
2674,-1003763.173645695
2675,-1059802.1267226199
2676,-1096403.9848382918
2677,-1068149.1948170988
2678,-1079848.6375764778
2679,-972684.5257541582
2680,-1062688.4249023397
2681,-917852.5639109418
2682,-1051213.140142399
2683,-906256.5047248424
2684,-1081087.3873380194
2685,-1127004.5520955808
2686,-1101596.1702622264
2687,-1058721.5611849534
2688,-905881.6467428167
2689,-1098229.6455754405
2690,-1227677.3265677434
2691,-1056619.902918315
2692,-1303798.1496934807
2693,-1318819.159635685
2694,-1041514.896247376
2695,-1288864.340978939
2696,-1266364.7787624442
2697,-1014866.8134563477
2698,-1483310.6310414353
2699,-1239408.0497654993
2700,-1212177.037594663
2701,-1710691.6123086307
2702,-1427800.4478087567
2703,-1267410.0218211294
2704,-1004089.777773574
2705,-996481.4603575382
2706,-1512290.5366166956
2707,-1635304.5795214898
2708,-1450458.3426423809
2709,-1364792.737324726
2710,-1616293.3113080221
2711,-1358691.559568806
2712,-1548236.9600686631
2713,-1561470.1095897658
2714,-1514723.8309997558
2715,-1373862.3436195857
2716,-1349820.0720011352
2717,-1326636.0854944896
2718,-1327674.8916048217
2719,-1340836.257088628
2720,-1101829.108606128
2721,-1377574.2479041992
2722,-1373904.9939764629
2723,-1589818.59585205
2724,-1339918.3270717035
2725,-1389369.48679209
2726,-1285994.0205235337
2727,-1117083.481665096
2728,-1552948.0720393525
2729,-1295320.730578242
2730,-1975033.1937487298
2731,-1876664.176671327
2732,-1560532.693188204
2733,-1121028.3808216937
2734,-1114116.630360955
2735,-1166199.7670216297
2736,-1290018.4171273508
2737,-1187522.9151343973
2738,-1022411.3183416132
2739,-1192333.5450019755
2740,-1046662.2781448765
2741,-1032952.509971454
2742,-1069000.2840675504
2743,-1077429.5496119608
2744,-1346037.9769057676
2745,-1257966.2045985255
2746,-1182102.4090677134
2747,-992147.1613798452
2748,-1424695.1059943396
2749,-1062640.9852627253
2750,-1074545.3325635104
2751,-1493972.2647122352
2752,-1361833.2273295368
2753,-1081466.3451613549
2754,-1112524.4388754119
2755,-1119103.4789267208
2756,-1151827.2343235163
2757,-1290084.9684705923
2758,-1106177.188808761
2759,-1244670.8096993144
2760,-1222263.9907043048
2761,-1141419.8823241189
2762,-1079550.810742991
2763,-1218828.078629132
2764,-1240204.387233865
2765,-1079857.5040921452
2766,-1189821.5016035992
2767,-1179285.1628121897
2768,-1112697.783834104
2769,-1272246.2178695453
2770,-1201667.9617405636
2771,-1207680.7568796887
2772,-1251829.6445264902
2773,-1276936.7773763575
2774,-1221475.011534426
2775,-1273048.2328883382
2776,-1279310.449697795
2777,-1317193.9623860486
2778,-1211596.3710803145
2779,-1263791.8929572063
2780,-1259189.654341626
2781,-1271047.0527976851
2782,-1318774.1721032457
2783,-1361716.5043064393
2784,-1344279.6959868632
2785,-1367220.3100102488
2786,-1246314.2420791236
2787,-1344571.6097750738
2788,-1335100.615047049
2789,-1310354.711871978
2790,-1389283.8882883464
2791,-1321436.6579496274
2792,-1251263.8728096145
2793,-1322424.6128101633
2794,-1345777.4894094234
2795,-1314041.744308377
2796,-1309574.6446267948
2797,-1507430.2017185767
2798,-1545216.7135956576
2799,-1536766.6597825943
2800,-1383810.1409987235
2801,-1501417.4898976195
1,-1487409.4748762257
2,-1656655.6603725902
3,-1209132.5911956665
4,-878409.1848076794
5,-117797.82761614323
6,-505782.4547017128
7,-208239.39913699467
1,-2339741.2596237846
2,-2330759.3937969725
1,-202852135.6611798
2,-208156282.91274124
3,-233869664.20221886
1,-149965589.93540284
2,-183944215.40374947
3,-221495066.4897821
4,-126265977.43170646
5,-129165947.20837107
6,-74807908.83215784
7,-15006724.772116398
8,-160582827.11956084
9,-132432711.75047822
10,-45344521.58941288
11,-173144824.02983123
12,-170609438.81829554
13,-120001312.2561143
14,-63427199.91878428
15,-31517582.925845917
16,-92930900.88270229
17,-171554450.98755485
18,-22716113.62669667
19,-28167660.290639445
20,-43952435.110962585
21,-34430215.886542484
22,-74897486.39157465
23,-21991971.37632324
24,-18241859.011585485
25,-72535123.20804621
26,-52752665.14364621
27,-8884066.382979387
28,-7548298.279004511
29,-41848980.12396469
30,-11404674.141739458
31,-9555491.84982618
32,-9404278.378468009
33,-18069968.758644767
34,-24635366.198898483
35,-47930348.00619927
36,-22313312.427395955
37,-28225606.418350317
38,-56641492.88584054
39,-15838160.42258873
40,-42108105.15502442
41,-3431903.3888925877
42,-6618900.654337533
43,-15440889.02609002
44,-11801274.990866568
45,-11153702.940906363
46,-7070452.711750764
47,-12963962.64741989
48,-3316048.274479256
49,-12573095.111374648
50,-13535956.103350883
51,-3995560.8629377275
52,-7415666.339472558
53,-7133874.974002631
54,-20066879.769326076
55,-8605148.384751437
56,-4830056.535217723
57,-21647846.036315065
58,-17088474.95602114
59,-5473779.631514221
60,-4910710.435537423
61,-6663637.008122422
62,-6212357.075923527
63,-4113944.544008693
64,-4717542.84682803
65,-1746160.976300076
66,-10961737.819588514
67,-4712779.167026724
68,-7715616.890507432
69,-10001693.001706785
70,-8202429.350649724
71,-8766484.606606469
72,-18625424.903650265
73,-13087671.844112772
74,-5701852.573203137
75,-32760588.683393437
76,-7570949.490295007
77,-9627906.685962489
78,-19173769.998840727
79,-7754564.6905423
80,-4220918.00709775
81,-7583576.121390269
82,-2761166.121612388
83,-3989267.937708836
84,-4301264.012424376
85,-1996940.3607081429
86,-3287626.7664414435
87,-1736547.2215893264
88,-2857936.1921305074
89,-2323782.0732526546
90,-2647409.753268899
91,-2223520.9564728728
92,-1337417.7134785966
93,-2467463.4938088227
94,-1397053.8599481098
95,-780831.9468080008
96,-1401695.1000049682
97,-1309773.932967219
98,-581637.2131919942
99,-225910.36399849184
100,-305914.27461200464
101,-998984.2106121515
102,-518270.03112058796
103,-223925.3910462786
104,-629430.0123426951
105,-275520.18838339497
106,-871589.0937648318
107,-614672.7742632601
108,-532738.779281175
109,-491562.4434024395
110,-342066.7966924893
111,-251509.86351827567
112,-505667.85464375804
113,-213117.7733297593
114,-256491.36769416544
115,-312143.3915105389
116,-950735.6532068469
117,-361305.55984385364
118,-372306.51417605195
119,-307647.5516398233
120,-370020.2862924498
121,-107692351.92624779
122,-515561.3052848961
123,-707221.2892318687
124,-265507.3528692826
125,-238340.84658122706
126,-467707.7171310794
127,-602783.4666277396
128,-277993.0506738194
129,-328992.686334834
130,-471660.5048525191
131,-560940.5997021599
132,-581486.484458563
133,-731905.9384787333
134,-671605.7030551216
135,-458724.42779201386
136,-1087530.6807584786
137,-341945.88604781555
138,-583104.7574055444
139,-579021.6988329398
140,-773322.652715957
141,-422677.65944664105
142,-856777.7632180328
143,-511470.9972167542
144,-709190.4129200814
145,-534094.1339787035
146,-702549.2954637839
147,-762218.6784831033
148,-1148636.9808606806
149,-730321.8453771572
150,-1292644.3135625196
151,-873458.1902043093
152,-286276.70758686424
153,-852300.5370111474
154,-824391.9150594843
155,-895983.264423551
156,-351305.2030926711
157,-1113611.8475084195
158,-667460.9463006908
159,-1439611.9315041609
160,-1339884.188211235
161,-701558.7149371149
162,-1170545.288645627
163,-1530066.5756006665
164,-1758770.4616353614
165,-1219445.9650817956
166,-1091722.686282027
167,-466219.0083878983
168,-634775.8964434906
169,-1189233.640895453
170,-1047683.1736329221
171,-468583.40624260006
172,-1064520.997791918
173,-520514.83324405574
174,-601805.2400437145
175,-789872.4380894671
176,-992956.971582248
177,-1139111.626000902
178,-1592329.6957755645
179,-994440.0176288097
180,-507507.7735424487
181,-405904.28545472084
182,-926099.3767840945
183,-1121793.2351973616
184,-937073.4387817336
185,-552250.5921147626
186,-486799.3895067157
187,-631561.6544210938
188,-662161.9040543577
189,-1208213.5325392222
190,-776965.5834446221
191,-741597.0399115067
192,-364580.50912701496
193,-867373.138982179
194,-651196.3746873304
195,-541982.5067131569
196,-843972.8555437531
197,-338583.09161542694
198,-744013.2430891317
199,-383400.1299856509
200,-312638.60978003487
201,-266446.9703627471
202,-369467.4160113858
203,-428624.36010184477
204,-396351.1117235752
205,-576441.6811273689
206,-603027.2783745871
207,-241003.55311675445
208,-417436.74342541845
209,-897115.4885316425
210,-1104286.8716809326
211,-424541.55307655677
212,-458489.840599878
213,-399076.06183548993
214,-833663.4895462674
215,-341814.5851219581
216,-616448.2750385107
217,-603539.0560620686
218,-399213.5679977273
219,-369661.63156631764
220,-454203.68743208284
221,-524855.2980650637
222,-603128.8002894736
223,-406818.6628710315
224,-521158.82447524625
225,-391779.0102900266
226,-411926.8774863604
227,-424453.0830286966
228,-393889.8188376938
229,-409045.66702878126
230,-248654.48948223246
231,-364183.6732247984
232,-421715.66079756856
233,-454221.99896628817
234,-267078.71356850833
235,-326764.102785792
236,-691968.4757423551
237,-424382.91894563264
238,-336349.5657600686
239,-326403.4059848782
240,-525900.8993649298
241,-462322.54852756637
242,-173597.183222546
243,-482549.0051315095
244,-832778.8811364004
245,-782807.2130840947
246,-676553.9118407194
247,-230027.85028745804
248,-485806.46517597476
249,-434069.8010182949
250,-328508.38823070796
251,-258427.69115530804
252,-608944.3940001032
253,-250463.39064155525
254,-284839.9058070638
255,-450780.2439228563
256,-513571.2587496015
257,-293621.59540011076
258,-533616.840548126
259,-282767.0234379983
260,-399673.74305064476
261,-323874.4458128122
262,-474826.92183872237
263,-292575.5715088545
264,-502184.5718904182
265,-346490.2197381891
266,-497265.1537600454
267,-441763.9429418192
268,-626294.9403621422
269,-223724.872854608
270,-386205.64018063573
271,-384634.7045273237
272,-471361.3369711511
273,-353938.9865846781
274,-297079.61468361685
275,-393937.57889438135
276,-337971.43708264764
277,-411429.1192826578
278,-386000.17868041113
279,-419130.8752829914
280,-258819.02275905633
281,-310308.78446446895
282,-572246.0720052074
283,-461310.9430518561
284,-534477.9929658163
285,-333779.1234489706
286,-351964.8380689761
287,-326012.07611832465
288,-408128.0603385393
289,-311679.6370917893
290,-387662.7093363179
291,-391249.88314358424
292,-532145.4155221505
293,-390701.39725670544
294,-688234.8752758094
295,-295482.443723349
296,-306112.3959632167
297,-317370.4183747561
298,-253952.48508650155
299,-413302.23982758966
300,-484273.9415143203
301,-223007.81988209454
302,-258744.46856098121
303,-408863.27742414334
304,-422209.990718726
305,-337322.30717942544
306,-311118.2036114898
307,-608216.8390553482
308,-183434.55359283867
309,-592174.4363324998
310,-540375.1375331867
311,-301663.42560137145
312,-396783.7194209285
313,-462497.0355459795
314,-659231.8606684811
315,-387451.2037003615
316,-256904.71866450846
317,-301385.89317282406
318,-348194.87719015515
319,-298663.7286930631
320,-363809.2033288211
321,-259328.81936356577
322,-543511.5300547614
323,-486964.67571205803
324,-384166.43435605045
325,-232875.9038030607
326,-281438.16455545364
327,-196796.04659198457
328,-220655.61765708495
329,-200053.90875064157
330,-192287.87809069798
331,-334565.23438979464
332,-230047.5734825021
333,-228329.9549390684
334,-311572.32471767464
335,-267132.2979827421
336,-289558.16077875136
337,-225690.99109224908
338,-331041.9584216338
339,-265704.3105129545
340,-485019.0756710967
341,-509129.9224391916
343,-376997.9155220117
344,-338804.01052194246
345,-646275.2635003307
346,-445241.0645398211
347,-780938.0506736897
348,-485382.6777251134
349,-395703.46294198214
350,-440575.2611182913
351,-451087.73575339315
352,-345636.0818315962
353,-307173.8271646349
354,-352821.3994307944
355,-579441.7312513966
356,-343904.63444278046
357,-388016.5827583049
358,-231048.23123618125
